{"cameraMode":{"drawMode":0,"name":"Shaded","section":"Shading Mode"},"sceneLighting":true,"audioPlay":false,"sceneViewState":{"m_AlwaysRefresh":false,"showFog":true,"showSkybox":true,"showFlares":true,"showImageEffects":true,"showParticleSystems":true,"showVisualEffectGraphs":true,"m_FxEnabled":true},"in2DMode":false,"pivot":{"x":0.2019948810338974,"y":-0.7485011219978333,"z":3.5902528762817385},"rotation":{"x":-0.2335701584815979,"y":-0.022447654977440835,"z":0.005394329316914082,"w":-0.9720736145973206},"size":3.8520846366882326,"orthographic":false}